Num,Time,Accelx,Accely,Accelz,Gyrox,Gyroy,Gyroz
24931, 15:52:51, 25701, 2573, 19522, 29472, 24948, 29810 
 507, 15:53:02, -1664, -185, 8398, -8, 6, 8 
 508, 15:53:02, -1649, -193, 8392, -8, 6, 7 
 509, 15:53:02, -1658, -204, 8410, -8, 7, 8 
 510, 15:53:02, -1658, -197, 8392, -7, 7, 8 
 511, 15:53:02, -1658, -201, 8401, -7, 7, 8 
 515, 15:53:02, -1639, -197, 8410, -7, 6, 8 
 516, 15:53:03, -1656, -186, 8389, -8, 6, 9 
 517, 15:53:03, -1665, -196, 8389, -8, 8, 9 
 521, 15:53:03, -1648, -182, 8404, -8, 6, 9 
 522, 15:53:03, -1638, -177, 8416, -9, 6, 9 
 523, 15:53:03, -1659, -200, 8404, -8, 6, 7 
 524, 15:53:03, -1649, -205, 8401, -8, 7, 9 
 525, 15:53:03, -1642, -188, 8394, -7, 7, 8 
 528, 15:53:03, -1658, -199, 8405, -9, 7, 8 
 529, 15:53:03, -1653, -176, 8416, -8, 6, 7 
 530, 15:53:03, -1642, -184, 8404, -7, 6, 8 
 531, 15:53:03, -1646, -200, 8399, -9, 7, 8 
 532, 15:53:03, -1659, -192, 8416, -9, 6, 8 
 533, 15:53:03, -1652, -203, 8391, -8, 7, 8 
 534, 15:53:03, -1653, -200, 8389, -8, 8, 8 
 535, 15:53:03, -1659, -195, 8396, -9, 7, 7 
 536, 15:53:03, -1663, -187, 8395, -9, 7, 8 
 537, 15:53:03, -1661, -208, 8396, -8, 7, 8 
 538, 15:53:03, -1655, -202, 8404, -9, 8, 7 
 539, 15:53:03, -1651, -203, 8417, -8, 9, 7 
 541, 15:53:03, -1661, -195, 8418, -8, 7, 7 
 543, 15:53:03, -1658, -200, 8413, -8, 7, 8 
 547, 15:53:03, -1652, -196, 8403, -9, 8, 7 
 548, 15:53:03, -1671, -196, 8377, -8, 7, 9 
 549, 15:53:03, -1649, -187, 8382, -9, 7, 9 
 550, 15:53:03, -1648, -216, 8411, -8, 8, 7 
 551, 15:53:03, -1654, -209, 8397, -8, 8, 9 
 552, 15:53:03, -1665, -196, 8410, -8, 9, 8 
 553, 15:53:03, -1655, -193, 8402, -9, 7, 9 
 555, 15:53:03, -1656, -196, 8413, -8, 8, 7 
 556, 15:53:03, -1656, -196, 8413, -8, 8, 7 
 557, 15:53:03, -1661, -204, 8400, -8, 7, 7 
 558, 15:53:03, -1643, -207, 8400, -8, 7, 9 
 559, 15:53:03, -1642, -194, 8389, -8, 8, 10 
 560, 15:53:03, -1661, -183, 8415, -9, 8, 8 
 562, 15:53:03, -1662, -191, 8393, -8, 8, 8 
 563, 15:53:03, -1653, -194, 8406, -9, 8, 8 
 564, 15:53:03, -1636, -201, 8408, -8, 8, 8 
 565, 15:53:03, -1647, -194, 8410, -9, 7, 9 
 566, 15:53:03, -1666, -192, 8412, -8, 8, 8 
 571, 15:53:03, -1642, -191, 8411, -8, 7, 7 
 572, 15:53:03, -1648, -184, 8408, -7, 7, 8 
 573, 15:53:03, -1645, -186, 8413, -8, 7, 9 
 574, 15:53:03, -1656, -188, 8406, -8, 7, 9 
 575, 15:53:03, -1661, -193, 8395, -8, 6, 9 
 576, 15:53:03, -1650, -200, 8404, -7, 7, 8 
 577, 15:53:03, -1662, -177, 8386, -7, 7, 8 
 578, 15:53:03, -1663, -192, 8408, -9, 7, 9 
 579, 15:53:03, -1653, -199, 8411, -10, 8, 7 
 581, 15:53:03, -1646, -192, 8414, -8, 8, 7 
 582, 15:53:03, -1655, -200, 8382, -8, 8, 7 
 584, 15:53:03, -1654, -212, 8399, -7, 8, 10 
 585, 15:53:03, -1642, -217, 8424, -8, 7, 8 
 586, 15:53:03, -1658, -194, 8403, -8, 7, 7 
 587, 15:53:03, -1665, -201, 8413, -9, 9, 7 
 588, 15:53:03, -1646, -204, 8401, -9, 9, 8 
 589, 15:53:03, -1652, -196, 8398, -9, 9, 7 
 590, 15:53:03, -1650, -183, 8397, -10, 9, 7 
 591, 15:53:03, -1661, -189, 8399, -8, 7, 8 
 593, 15:53:03, -1659, -193, 8416, -8, 8, 7 
 594, 15:53:03, -1650, -186, 8408, -9, 8, 9 
 597, 15:53:03, -1654, -185, 8399, -9, 8, 8 
 598, 15:53:03, -1665, -191, 8408, -9, 7, 7 
 599, 15:53:03, -1664, -197, 8401, -8, 9, 8 
 600, 15:53:03, -1654, -198, 8396, -8, 8, 8 
 601, 15:53:03, -1654, -201, 8402, -9, 9, 8 
 602, 15:53:03, -1664, -186, 8417, -9, 8, 9 
 605, 15:53:03, -1661, -190, 8407, -9, 8, 8 
 606, 15:53:03, -1651, -191, 8399, -9, 8, 8 
 607, 15:53:03, -1657, -200, 8397, -8, 9, 8 
 609, 15:53:03, -1662, -204, 8384, -8, 8, 9 
 610, 15:53:03, -1653, -199, 8399, -10, 8, 9 
 611, 15:53:03, -1653, -202, 8392, -10, 10, 8 
 613, 15:53:03, -1656, -184, 8397, -8, 9, 6 
 614, 15:53:03, -1660, -185, 8384, -9, 10, 8 
 615, 15:53:03, -1663, -195, 8394, -9, 8, 9 
 616, 15:53:04, -1648, -197, 8389, -9, 7, 8 
 617, 15:53:04, -1654, -197, 8412, -9, 9, 8 
 618, 15:53:04, -1642, -187, 8414, -8, 10, 8 
 619, 15:53:04, -1641, -204, 8405, -9, 9, 8 
 620, 15:53:04, -1652, -191, 8381, -9, 10, 8 
 621, 15:53:04, -1652, -191, 8381, -9, 10, 8 
 622, 15:53:04, -1652, -190, 8394, -9, 10, 8 
 623, 15:53:04, -1661, -192, 8407, -9, 9, 8 
 624, 15:53:04, -1650, -195, 8388, -8, 11, 7 
 625, 15:53:04, -1657, -197, 8396, -8, 9, 8 
 626, 15:53:04, -1655, -201, 8389, -9, 8, 7 
 627, 15:53:04, -1652, -192, 8396, -8, 8, 8 
 628, 15:53:04, -1682, -210, 8393, -9, 7, 8 
 629, 15:53:04, -1661, -213, 8399, -9, 5, 8 
 632, 15:53:04, -1654, -186, 8407, -8, 8, 8 
 633, 15:53:04, -1650, -199, 8391, -9, 8, 6 
 634, 15:53:04, -1665, -192, 8424, -9, 8, 8 
 636, 15:53:04, -1653, -196, 8405, -10, 7, 8 
 638, 15:53:04, -1644, -207, 8407, -9, 7, 8 
 640, 15:53:04, -1654, -191, 8420, -9, 8, 9 
 642, 15:53:04, -1658, -197, 8406, -9, 7, 9 
 643, 15:53:04, -1659, -187, 8403, -8, 9, 9 
 644, 15:53:04, -1656, -200, 8396, -10, 9, 9 
 648, 15:53:04, -1648, -189, 8401, -8, 9, 8 
 650, 15:53:04, -1666, -185, 8405, -9, 7, 8 
 651, 15:53:04, -1661, -196, 8392, -8, 7, 10 
 652, 15:53:04, -1655, -194, 8400, -10, 8, 9 
 653, 15:53:04, -1673, -192, 8406, -10, 11, 5 
 655, 15:53:04, -1663, -202, 8406, -8, 9, 8 
 656, 15:53:04, -1663, -204, 8424, -9, 9, 8 
 657, 15:53:04, -1653, -194, 8412, -9, 10, 8 
 659, 15:53:04, -1673, -190, 8409, -8, 8, 7 
 660, 15:53:04, -1665, -188, 8405, -9, 8, 7 
 661, 15:53:04, -1673, -186, 8409, -9, 9, 7 
 662, 15:53:04, -1669, -189, 8402, -8, 10, 8 
 663, 15:53:04, -1658, -201, 8410, -8, 9, 8 
 664, 15:53:04, -1666, -197, 8395, -8, 9, 7 
 665, 15:53:04, -1656, -187, 8399, -8, 8, 7 
 667, 15:53:04, -1661, -187, 8417, -8, 8, 9 
 668, 15:53:04, -1649, -192, 8398, -7, 9, 8 
 669, 15:53:04, -1658, -199, 8408, -8, 9, 7 
 670, 15:53:04, -1664, -187, 8410, -10, 9, 8 
 671, 15:53:04, -1671, -195, 8403, -9, 8, 7 
 672, 15:53:04, -1659, -197, 8428, -8, 7, 7 
 673, 15:53:04, -1673, -192, 8418, -8, 6, 7 
 674, 15:53:04, -1648, -191, 8405, -9, 4, 7 
 676, 15:53:04, -1653, -198, 8391, -9, 9, 8 
 680, 15:53:04, -1651, -205, 8406, -10, 7, 10 
 681, 15:53:04, -1662, -197, 8406, -8, 8, 8 
 682, 15:53:04, -1663, -185, 8401, -9, 8, 8 
 683, 15:53:04, -1663, -189, 8419, -8, 8, 8 
 684, 15:53:04, -1673, -211, 8394, -10, 8, 9 
 685, 15:53:04, -1655, -206, 8396, -8, 8, 8 
 686, 15:53:04, -1655, -206, 8396, -8, 8, 8 
 687, 15:53:04, -1648, -186, 8392, -8, 9, 8 
 688, 15:53:04, -1673, -203, 8397, -8, 10, 8 
 689, 15:53:04, -1661, -202, 8411, -8, 9, 8 
 690, 15:53:04, -1658, -197, 8401, -10, 8, 8 
 693, 15:53:04, -1651, -195, 8406, -9, 6, 8 
 694, 15:53:04, -1666, -193, 8405, -9, 8, 8 
 695, 15:53:04, -1662, -218, 8389, -8, 8, 9 
 696, 15:53:04, -1667, -214, 8402, -10, 7, 8 
 698, 15:53:04, -1661, -201, 8404, -8, 7, 8 
 701, 15:53:04, -1668, -187, 8403, -7, 8, 9 
 703, 15:53:04, -1664, -209, 8405, -8, 8, 7 
 704, 15:53:04, -1654, -205, 8415, -7, 8, 7 
 705, 15:53:04, -1663, -175, 8414, -9, 5, 8 
 706, 15:53:04, -1678, -195, 8412, -10, 6, 8 
 707, 15:53:04, -1673, -205, 8405, -10, 7, 7 
 708, 15:53:04, -1660, -199, 8418, -9, 9, 8 
 709, 15:53:04, -1657, -202, 8398, -9, 8, 8 
 710, 15:53:04, -1648, -188, 8407, -9, 8, 8 
 711, 15:53:04, -1662, -195, 8404, -9, 6, 7 
 712, 15:53:04, -1667, -208, 8390, -10, 7, 8 
 713, 15:53:04, -1663, -191, 8398, -9, 6, 9 
 714, 15:53:04, -1659, -179, 8400, -8, 7, 9 
 716, 15:53:05, -1679, -209, 8407, -7, 6, 8 
 717, 15:53:05, -1668, -196, 8393, -9, 7, 8 
 718, 15:53:05, -1674, -196, 8395, -8, 8, 7 
 719, 15:53:05, -1656, -181, 8376, -8, 7, 8 
 720, 15:53:05, -1666, -194, 8397, -7, 7, 8 
 722, 15:53:05, -1648, -192, 8400, -10, 6, 8 
 723, 15:53:05, -1661, -197, 8415, -9, 6, 8 
 724, 15:53:05, -1662, -186, 8411, -10, 7, 9 
 725, 15:53:05, -1658, -201, 8410, -9, 7, 9 
 726, 15:53:05, -1652, -205, 8385, -9, 8, 8 
 727, 15:53:05, -1657, -199, 8398, -8, 8, 8 
 728, 15:53:05, -1649, -209, 8407, -8, 7, 9 
 729, 15:53:05, -1670, -191, 8387, -9, 6, 9 
 730, 15:53:05, -1646, -193, 8391, -9, 6, 8 
 732, 15:53:05, -1656, -189, 8407, -8, 6, 8 
 734, 15:53:05, -1665, -193, 8411, -9, 7, 9 
 735, 15:53:05, -1674, -193, 8391, -8, 7, 8 
 736, 15:53:05, -1661, -195, 8402, -9, 7, 8 
 737, 15:53:05, -1665, -181, 8390, -10, 7, 8 
 739, 15:53:05, -1652, -210, 8407, -9, 7, 7 
 740, 15:53:05, -1652, -193, 8384, -8, 7, 9 
 742, 15:53:05, -1675, -210, 8388, -9, 7, 6 
 743, 15:53:05, -1676, -197, 8415, -9, 8, 8 
 746, 15:53:05, -1661, -197, 8407, -8, 6, 8 
 747, 15:53:05, -1674, -201, 8409, -8, 7, 8 
 748, 15:53:05, -1649, -204, 8405, -8, 7, 7 
 749, 15:53:05, -1650, -200, 8430, -8, 6, 9 
 750, 15:53:05, -1672, -195, 8390, -9, 8, 8 
 752, 15:53:05, -1666, -195, 8395, -10, 8, 7 
 753, 15:53:05, -1656, -197, 8399, -9, 9, 7 
 754, 15:53:05, -1658, -201, 8408, -9, 7, 7 
 755, 15:53:05, -1660, -201, 8395, -9, 8, 7 
 756, 15:53:05, -1650, -202, 8387, -9, 8, 7 
 758, 15:53:05, -1660, -197, 8421, -8, 8, 7 
 760, 15:53:05, -1667, -201, 8389, -8, 7, 9 
 761, 15:53:05, -1662, -193, 8426, -7, 5, 11 
 762, 15:53:05, -1633, -185, 8398, -9, 7, 9 
 763, 15:53:05, -1694, -200, 8378, -8, 9, 8 
 764, 15:53:05, -1651, -185, 8390, -9, 6, 9 
 765, 15:53:05, -1647, -196, 8395, -9, 7, 7 
 766, 15:53:05, -1673, -196, 8397, -8, 8, 7 
 767, 15:53:05, -1673, -200, 8407, -9, 6, 9 
 769, 15:53:05, -1665, -189, 8417, -9, 4, 6 
 770, 15:53:05, -1644, -198, 8406, -10, -1, 7 
 771, 15:53:05, -1654, -201, 8408, -7, 4, 7 
 773, 15:53:05, -1648, -209, 8401, -7, 5, 8 
 775, 15:53:05, -1657, -193, 8386, -8, 8, 7 
 776, 15:53:05, -1663, -197, 8402, -9, 7, 7 
 779, 15:53:05, -1667, -200, 8405, -8, 8, 8 
 780, 15:53:05, -1653, -203, 8405, -8, 7, 8 
 781, 15:53:05, -1661, -186, 8392, -8, 7, 9 
 782, 15:53:05, -1658, -194, 8394, -9, 9, 10 
 783, 15:53:05, -1647, -202, 8393, -9, 8, 10 
 784, 15:53:05, -1666, -205, 8385, -9, 8, 10 
 785, 15:53:05, -1654, -200, 8405, -8, 8, 9 
 787, 15:53:05, -1658, -191, 8403, -8, 7, 8 
 788, 15:53:05, -1654, -191, 8396, -8, 6, 9 
 789, 15:53:05, -1665, -205, 8407, -7, 5, 8 
 790, 15:53:05, -1659, -187, 8408, -8, 6, 9 
 791, 15:53:05, -1639, -187, 8407, -8, 5, 8 
 792, 15:53:05, -1654, -198, 8399, -8, 6, 8 
 793, 15:53:05, -1661, -209, 8403, -8, 7, 9 
 794, 15:53:05, -1661, -183, 8395, -7, 5, 10 
 795, 15:53:05, -1674, -176, 8405, -7, 6, 10 
 796, 15:53:05, -1649, -191, 8410, -7, 5, 9 
 797, 15:53:05, -1665, -201, 8409, -8, 6, 9 
 798, 15:53:05, -1667, -194, 8403, -8, 6, 9 
 801, 15:53:05, -1662, -191, 8407, -8, 8, 9 
 802, 15:53:05, -1664, -192, 8394, -7, 8, 8 
 803, 15:53:05, -1662, -196, 8380, -8, 5, 9 
 804, 15:53:05, -1656, -189, 8404, -9, 7, 10 
 807, 15:53:05, -1653, -194, 8394, -8, 7, 10 
 808, 15:53:05, -1666, -201, 8404, -8, 7, 10 
 809, 15:53:05, -1671, -197, 8410, -8, 7, 9 
 810, 15:53:05, -1661, -183, 8397, -7, 6, 8 
 811, 15:53:05, -1642, -184, 8403, -8, 6, 8 
 812, 15:53:05, -1650, -206, 8420, -9, 6, 7 
 813, 15:53:05, -1655, -196, 8393, -8, 5, 7 
 814, 15:53:05, -1654, -192, 8405, -8, 7, 8 
 815, 15:53:05, -1657, -195, 8407, -8, 8, 8 
 816, 15:53:06, -1657, -195, 8407, -8, 8, 8 
 817, 15:53:06, -1665, -201, 8397, -9, 8, 6 
 818, 15:53:06, -1667, -201, 8392, -8, 7, 7 
 820, 15:53:06, -1655, -184, 8417, -8, 7, 7 
 821, 15:53:06, -1672, -180, 8400, -9, 7, 8 
 822, 15:53:06, -1665, -175, 8413, -8, 7, 9 
 824, 15:53:06, -1647, -188, 8426, -10, 8, 8 
 825, 15:53:06, -1652, -196, 8386, -9, 7, 8 
 826, 15:53:06, -1660, -189, 8396, -9, 8, 6 
 827, 15:53:06, -1666, -170, 8410, -9, 8, 8 
 828, 15:53:06, -1662, -198, 8392, -9, 8, 9 
 830, 15:53:06, -1663, -188, 8392, -9, 7, 8 
 831, 15:53:06, -1648, -193, 8408, -10, 6, 7 
 832, 15:53:06, -1652, -194, 8403, -9, 8, 7 
 833, 15:53:06, -1653, -200, 8401, -8, 9, 7 
 834, 15:53:06, -1650, -190, 8401, -8, 8, 7 
 835, 15:53:06, -1645, -190, 8401, -9, 9, 8 
 836, 15:53:06, -1663, -192, 8415, -10, 10, 7 
 837, 15:53:06, -1667, -200, 8395, -9, 8, 7 
 841, 15:53:06, -1670, -185, 8392, -7, 8, 8 
 842, 15:53:06, -1673, -190, 8418, -10, 8, 8 
 843, 15:53:06, -1647, -203, 8426, -9, 8, 9 
 844, 15:53:06, -1651, -202, 8400, -9, 8, 9 
 845, 15:53:06, -1666, -200, 8403, -9, 7, 9 
 846, 15:53:06, -1666, -192, 8395, -10, 8, 7 
 847, 15:53:06, -1651, -193, 8391, -8, 9, 8 
 848, 15:53:06, -1644, -206, 8398, -8, 10, 8 
 850, 15:53:06, -1658, -184, 8397, -9, 7, 9 
 851, 15:53:06, -1655, -195, 8403, -8, 9, 9 
 852, 15:53:06, -1668, -187, 8404, -9, 9, 7 
 853, 15:53:06, -1670, -192, 8410, -8, 9, 9 
 855, 15:53:06, -1663, -181, 8405, -9, 8, 8 
 856, 15:53:06, -1654, -199, 8403, -8, 9, 8 
 857, 15:53:06, -1656, -202, 8403, -6, 9, 9 
 858, 15:53:06, -1656, -198, 8392, -8, 8, 9 
 859, 15:53:06, -1668, -199, 8396, -9, 9, 8 
 860, 15:53:06, -1675, -193, 8400, -7, 9, 7 
 861, 15:53:06, -1666, -201, 8394, -8, 9, 9 
 862, 15:53:06, -1664, -197, 8393, -9, 10, 9 
 863, 15:53:06, -1656, -199, 8401, -9, 8, 9 
 864, 15:53:06, -1666, -195, 8388, -7, 10, 8 
 865, 15:53:06, -1663, -194, 8402, -10, 10, 8 
 866, 15:53:06, -1653, -193, 8415, -10, 9, 9 
 867, 15:53:06, -1665, -197, 8415, -8, 9, 9 
 868, 15:53:06, -1661, -201, 8414, -8, 8, 8 
 869, 15:53:06, -1654, -204, 8388, -7, 7, 8 
 870, 15:53:06, -1655, -212, 8398, -8, 8, 6 
 871, 15:53:06, -1671, -197, 8399, -8, 8, 8 
 872, 15:53:06, -1664, -190, 8399, -10, 8, 9 
 873, 15:53:06, -1670, -203, 8420, -9, 8, 8 
 875, 15:53:06, -1659, -193, 8413, -8, 8, 8 
 876, 15:53:06, -1662, -188, 8404, -9, 9, 9 
 877, 15:53:06, -1675, -207, 8400, -8, 8, 8 
 878, 15:53:06, -1662, -204, 8391, -8, 8, 8 
 879, 15:53:06, -1665, -210, 8380, -10, 9, 7 
 881, 15:53:06, -1673, -202, 8397, -9, 9, 8 
 882, 15:53:06, -1663, -180, 8420, -8, 8, 9 
 883, 15:53:06, -1664, -189, 8405, -9, 8, 9 
 884, 15:53:06, -1658, -207, 8389, -8, 7, 8 
 886, 15:53:06, -1658, -189, 8404, -9, 8, 9 
 887, 15:53:06, -1660, -184, 8406, -8, 8, 9 
 888, 15:53:06, -1678, -196, 8414, -9, 8, 7 
 889, 15:53:06, -1659, -207, 8398, -8, 8, 7 
 890, 15:53:06, -1653, -206, 8408, -8, 9, 9 
 891, 15:53:06, -1670, -200, 8419, -8, 9, 9 
 892, 15:53:06, -1657, -216, 8407, -9, 8, 9 
 893, 15:53:06, -1654, -195, 8417, -8, 7, 7 
 894, 15:53:06, -1667, -208, 8424, -10, 8, 7 
 895, 15:53:06, -1672, -190, 8394, -10, 9, 10 
 896, 15:53:06, -1656, -208, 8395, -9, 7, 10 
 899, 15:53:06, -1670, -205, 8398, -9, 8, 8 
 900, 15:53:06, -1659, -201, 8404, -8, 8, 8 
 901, 15:53:06, -1654, -206, 8406, -9, 8, 9 
 902, 15:53:06, -1673, -207, 8403, -8, 8, 10 
 903, 15:53:06, -1659, -200, 8402, -8, 8, 8 
 904, 15:53:06, -1670, -193, 8404, -8, 9, 8 
 905, 15:53:06, -1665, -194, 8394, -8, 7, 8 
 906, 15:53:06, -1657, -198, 8392, -9, 8, 8 
 908, 15:53:06, -1662, -199, 8416, -7, 8, 8 
 910, 15:53:06, -1659, -200, 8396, -9, 7, 8 
 913, 15:53:06, -1666, -213, 8411, -8, 7, 8 
 916, 15:53:07, -1676, -214, 8423, -7, 8, 8 
 920, 15:53:07, -1671, -206, 8408, -9, 8, 7 
 923, 15:53:07, -1660, -195, 8399, -9, 6, 8 
 925, 15:53:07, -1676, -195, 8391, -7, 8, 9 
 927, 15:53:07, -1649, -198, 8407, -9, 7, 8 
 928, 15:53:07, -1664, -199, 8409, -8, 8, 9 
 929, 15:53:07, -1664, -203, 8389, -8, 8, 8 
 933, 15:53:07, -1665, -204, 8406, -10, 7, 8 
 935, 15:53:07, -1655, -196, 8381, -9, 9, 9 
 936, 15:53:07, -1664, -195, 8408, -8, 8, 8 
 937, 15:53:07, -1672, -181, 8403, -9, 7, 8 
 939, 15:53:07, -1660, -202, 8391, -9, 8, 9 
 940, 15:53:07, -1660, -202, 8392, -9, 7, 7 
 941, 15:53:07, -1655, -196, 8406, -8, 7, 8 
 942, 15:53:07, -1652, -194, 8400, -8, 8, 8 
 943, 15:53:07, -1660, -191, 8409, -8, 8, 8 
 944, 15:53:07, -1651, -178, 8409, -10, 8, 8 
 949, 15:53:07, -1671, -186, 8417, -9, 8, 8 
 951, 15:53:07, -1660, -206, 8398, -10, 7, 8 
 952, 15:53:07, -1666, -189, 8391, -8, 9, 8 
 954, 15:53:07, -1653, -191, 8418, -8, 7, 7 
 955, 15:53:07, -1669, -193, 8392, -8, 7, 8 
 957, 15:53:07, -1655, -197, 8414, -10, 7, 9 
 958, 15:53:07, -1670, -178, 8419, -9, 9, 9 
 961, 15:53:07, -1668, -199, 8397, -9, 7, 8 
 963, 15:53:07, -1656, -194, 8410, -9, 8, 8 
 964, 15:53:07, -1666, -189, 8405, -9, 7, 8 
 965, 15:53:07, -1674, -189, 8395, -9, 7, 8 
 968, 15:53:07, -1669, -209, 8388, -8, 7, 9 
 969, 15:53:07, -1658, -202, 8397, -8, 7, 9 
 970, 15:53:07, -1657, -200, 8402, -9, 9, 8 
 971, 15:53:07, -1665, -191, 8414, -9, 8, 8 
 975, 15:53:07, -1676, -189, 8395, -9, 6, 9 
 976, 15:53:07, -1673, -205, 8399, -8, 6, 8 
 978, 15:53:07, -1663, -191, 8411, -9, 7, 8 
 979, 15:53:07, -1665, -199, 8402, -8, 7, 7 
 980, 15:53:07, -1661, -206, 8405, -8, 7, 8 
 983, 15:53:07, -1660, -191, 8395, -9, 7, 9 
 984, 15:53:07, -1663, -207, 8400, -8, 7, 9 
 985, 15:53:07, -1669, -198, 8383, -7, 8, 9 
 986, 15:53:07, -1656, -199, 8384, -9, 7, 8 
 990, 15:53:07, -1668, -207, 8400, -8, 6, 9 
 992, 15:53:07, -1656, -194, 8397, -7, 7, 7 
 994, 15:53:07, -1653, -204, 8399, -9, 7, 10 
 995, 15:53:07, -1671, -212, 8399, -8, 7, 8 
 996, 15:53:07, -1659, -194, 8413, -8, 7, 8 
 998, 15:53:07, -1666, -198, 8400, -8, 7, 10 
 1000, 15:53:07, -1654, -195, 8411, -8, 7, 8 
 1001, 15:53:07, -1671, -207, 8405, -8, 7, 9 
 1002, 15:53:07, -1664, -197, 8402, -8, 6, 9 
 1005, 15:53:07, -1662, -197, 8396, -8, 6, 8 
 1006, 15:53:07, -1663, -185, 8393, -9, 7, 9 
 1007, 15:53:07, -1662, -199, 8409, -8, 9, 10 
 1008, 15:53:07, -1657, -199, 8402, -8, 9, 9 
 1009, 15:53:07, -1671, -208, 8381, -8, 7, 8 
 1010, 15:53:07, -1656, -206, 8416, -9, 8, 8 
 1012, 15:53:07, -1658, -212, 8413, -9, 8, 9 
 1016, 15:53:08, -1667, -210, 8396, -9, 7, 8 
 1017, 15:53:08, -1673, -185, 8406, -9, 7, 9 
 1021, 15:53:08, -1664, -204, 8405, -8, 8, 9 
 1023, 15:53:08, -1674, -198, 8406, -8, 8, 10 
 1024, 15:53:08, -1661, -209, 8402, -9, 8, 9 
 1025, 15:53:08, -1666, -202, 8396, -8, 7, 7 
 1026, 15:53:08, -1667, -199, 8404, -8, 7, 8 
 1027, 15:53:08, -1663, -196, 8410, -9, 8, 8 
 1028, 15:53:08, -1655, -195, 8408, -8, 6, 8 
 1031, 15:53:08, -1649, -190, 8402, -8, 7, 8 
 1032, 15:53:08, -1662, -196, 8395, -8, 8, 8 
 1034, 15:53:08, -1667, -195, 8407, -8, 7, 9 
 1035, 15:53:08, -1667, -194, 8413, -9, 10, 9 
 1036, 15:53:08, -1667, -197, 8413, -9, 8, 8 
 1038, 15:53:08, -1667, -189, 8398, -7, 6, 9 
 1040, 15:53:08, -1660, -214, 8389, -8, 8, 8 
 1045, 15:53:08, -1661, -193, 8401, -10, 8, 7 
 1046, 15:53:08, -1646, -197, 8421, -8, 8, 8 
 1047, 15:53:08, -1668, -207, 8406, -9, 7, 7 
 1049, 15:53:08, -1652, -206, 8415, -8, 8, 8 
 1051, 15:53:08, -1670, -198, 8407, -8, 8, 9 
 1052, 15:53:08, -1669, -187, 8405, -9, 8, 8 
 1053, 15:53:08, -1653, -193, 8403, -9, 7, 8 
 1055, 15:53:08, -1665, -187, 8406, -8, 6, 9 
 1056, 15:53:08, -1662, -189, 8399, -7, 6, 9 
 1057, 15:53:08, -1670, -198, 8396, -9, 7, 9 
 1058, 15:53:08, -1649, -205, 8403, -8, 8, 8 
 1060, 15:53:08, -1670, -199, 8389, -9, 8, 8 
 1062, 15:53:08, -1674, -201, 8378, -8, 7, 7 
 1063, 15:53:08, -1672, -203, 8387, -9, 8, 9 
 1066, 15:53:08, -1672, -190, 8398, -9, 7, 8 
 1067, 15:53:08, -1669, -191, 8405, -9, 7, 9 
 1069, 15:53:08, -1669, -209, 8390, -9, 8, 9 
 1070, 15:53:08, -1663, -191, 8394, -9, 8, 7 
 1071, 15:53:08, -1670, -199, 8384, -10, 8, 8 
 1072, 15:53:08, -1673, -217, 8394, -8, 8, 8 
 1076, 15:53:08, -1678, -208, 8386, -8, 8, 9 
 1078, 15:53:08, -1654, -191, 8409, -9, 8, 9 
 1079, 15:53:08, -1662, -193, 8421, -8, 7, 9 
 1080, 15:53:08, -1671, -203, 8402, -7, 7, 9 
 1081, 15:53:08, -1661, -192, 8401, -8, 7, 9 
 1082, 15:53:08, -1672, -207, 8409, -8, 7, 9 
 1083, 15:53:08, -1675, -215, 8414, -8, 7, 8 
 1084, 15:53:08, -1659, -208, 8397, -8, 7, 8 
 1086, 15:53:08, -1654, -193, 8391, -9, 7, 8 
 1090, 15:53:08, -1670, -209, 8400, -9, 6, 9 
 1092, 15:53:08, -1675, -192, 8392, -9, 7, 9 
 1093, 15:53:08, -1643, -195, 8401, -9, 7, 9 
 1094, 15:53:08, -1653, -202, 8391, -8, 5, 9 
 1098, 15:53:08, -1660, -195, 8414, -9, 8, 8 
 1099, 15:53:08, -1667, -198, 8406, -9, 8, 9 
 1100, 15:53:08, -1676, -193, 8401, -7, 7, 9 
 1101, 15:53:08, -1659, -202, 8371, -7, 7, 9 
 1102, 15:53:08, -1670, -203, 8391, -8, 7, 9 
 1103, 15:53:08, -1671, -194, 8407, -8, 7, 8 
 1105, 15:53:08, -1658, -180, 8412, -8, 7, 9 
 1107, 15:53:08, -1678, -194, 8400, -9, 6, 8 
 1109, 15:53:08, -1659, -184, 8385, -8, 8, 8 
 1111, 15:53:08, -1662, -196, 8404, -8, 6, 8 
 1113, 15:53:08, -1673, -187, 8392, -9, 8, 8 
 1116, 15:53:09, -1668, -198, 8403, -8, 6, 8 
 1117, 15:53:09, -1666, -210, 8400, -8, 6, 8 
 1118, 15:53:09, -1669, -206, 8394, -9, 7, 9 
 1119, 15:53:09, -1669, -198, 8391, -8, 6, 8 
 1120, 15:53:09, -1662, -189, 8404, -8, 7, 8 
 1121, 15:53:09, -1656, -200, 8374, -8, 7, 9 
 1122, 15:53:09, -1663, -195, 8389, -7, 6, 9 
 1123, 15:53:09, -1671, -196, 8412, -9, 7, 9 
 1124, 15:53:09, -1665, -206, 8402, -8, 6, 9 
 1125, 15:53:09, -1665, -186, 8410, -8, 6, 9 
 1129, 15:53:09, -1656, -203, 8391, -8, 7, 9 
 1133, 15:53:09, -1655, -204, 8414, -8, 6, 9 
 1135, 15:53:09, -1670, -198, 8414, -8, 6, 9 
 1137, 15:53:09, -1661, -185, 8404, -8, 8, 9 
 1138, 15:53:09, -1656, -193, 8404, -8, 6, 8 
 1139, 15:53:09, -1672, -191, 8414, -7, 5, 8 
 1141, 15:53:09, -1685, -191, 8422, -7, 7, 8 
 1142, 15:53:09, -1672, -191, 8420, -9, 7, 9 
 1146, 15:53:09, -1664, -178, 8405, -8, 8, 8 
 1148, 15:53:09, -1661, -200, 8405, -7, 8, 9 
 1149, 15:53:09, -1674, -203, 8408, -7, 7, 8 
 1150, 15:53:09, -1660, -200, 8408, -9, 6, 9 
 1152, 15:53:09, -1674, -207, 8429, -9, 8, 8 
 1153, 15:53:09, -1662, -198, 8428, -8, 8, 8 
 1155, 15:53:09, -1655, -202, 8403, -8, 8, 9 
 1158, 15:53:09, -1681, -191, 8401, -8, 7, 9 
 1159, 15:53:09, -1667, -180, 8404, -9, 8, 8 
 1161, 15:53:09, -1662, -182, 8413, -8, 7, 9 
 1162, 15:53:09, -1653, -200, 8395, -8, 7, 9 
 1166, 15:53:09, -1663, -194, 8406, -8, 7, 8 
 1167, 15:53:09, -1648, -191, 8414, -9, 7, 9 
 1169, 15:53:09, -1672, -193, 8396, -8, 7, 9 
 1171, 15:53:09, -1664, -199, 8415, -9, 7, 8 
 1172, 15:53:09, -1671, -188, 8408, -9, 7, 8 
 1173, 15:53:09, -1666, -198, 8391, -8, 8, 9 
 1174, 15:53:09, -1659, -192, 8406, -7, 8, 9 
 1175, 15:53:09, -1671, -187, 8397, -8, 10, 9 
 1176, 15:53:09, -1661, -177, 8399, -9, 9, 9 
 1183, 15:53:09, -1668, -187, 8375, -9, 8, 9 
 1184, 15:53:09, -1664, -189, 8401, -10, 8, 10 
 1187, 15:53:09, -1664, -210, 8391, -9, 8, 9 
 1188, 15:53:09, -1668, -197, 8391, -8, 7, 8 
 1189, 15:53:09, -1668, -192, 8399, -7, 8, 9 
 1190, 15:53:09, -1658, -187, 8411, -9, 8, 8 
 1193, 15:53:09, -1659, -202, 8400, -9, 9, 9 
 1194, 15:53:09, -1669, -203, 8423, -8, 7, 9 
 1195, 15:53:09, -1671, -202, 8405, -9, 8, 8 
 1196, 15:53:09, -1658, -190, 8398, -9, 8, 8 
 1197, 15:53:09, -1658, -188, 8402, -7, 9, 8 
 1198, 15:53:09, -1683, -197, 8407, -9, 9, 7 
 1199, 15:53:09, -1674, -201, 8404, -10, 9, 7 
 1203, 15:53:09, -1672, -187, 8407, -9, 7, 8 
 1205, 15:53:09, -1660, -203, 8404, -9, 8, 8 
 1210, 15:53:09, -1665, -197, 8413, -7, 9, 9 
 1211, 15:53:09, -1664, -209, 8404, -9, 8, 8 
 1212, 15:53:09, -1655, -196, 8410, -8, 8, 8 
 1214, 15:53:09, -1661, -189, 8400, -9, 8, 8 
 1223, 15:53:10, -1665, -199, 8405, -8, 7, 7 
 1224, 15:53:10, -1665, -204, 8398, -10, 8, 7 
 1226, 15:53:10, -1664, -194, 8400, -9, 8, 10 
 1228, 15:53:10, -1675, -197, 8400, -10, 7, 9 
 1229, 15:53:10, -1686, -195, 8397, -9, 7, 8 
 1230, 15:53:10, -1661, -198, 8402, -9, 7, 9 
 1231, 15:53:10, -1672, -194, 8420, -10, 7, 9 
 1232, 15:53:10, -1668, -194, 8398, -9, 7, 8 
 1233, 15:53:10, -1676, -198, 8394, -7, 7, 8 
 1235, 15:53:10, -1672, -191, 8416, -9, 8, 9 
 1236, 15:53:10, -1658, -203, 8391, -8, 8, 8 
 1237, 15:53:10, -1667, -180, 8387, -7, 7, 9 
 1239, 15:53:10, -1665, -210, 8401, -9, 7, 8 
 1240, 15:53:10, -1658, -190, 8400, -8, 7, 8 
 1241, 15:53:10, -1672, -199, 8393, -7, 8, 7 
 1244, 15:53:10, -1651, -197, 8387, -8, 6, 8 
 1247, 15:53:10, -1660, -207, 8397, -9, 8, 8 
 1248, 15:53:10, -1668, -194, 8406, -9, 6, 9 
 1250, 15:53:10, -1671, -200, 8395, -10, 8, 8 
 1251, 15:53:10, -1674, -200, 8394, -8, 7, 9 
 1256, 15:53:10, -1675, -198, 8404, -9, 9, 7 
 1257, 15:53:10, -1669, -188, 8400, -9, 7, 8 
 1258, 15:53:10, -1667, -196, 8394, -9, 8, 9 
 1261, 15:53:10, -1676, -207, 8417, -11, 7, 9 
 1263, 15:53:10, -1663, -203, 8405, -8, 8, 8 
 1264, 15:53:10, -1664, -197, 8409, -8, 7, 8 
 1267, 15:53:10, -1656, -201, 8405, -9, 8, 8 
 1273, 15:53:10, -1667, -198, 8406, -10, 7, 8 
 1274, 15:53:10, -1674, -206, 8409, -10, 8, 7 
 1282, 15:53:10, -1657, -183, 8393, -7, 6, 8 
 1283, 15:53:10, -1671, -189, 8404, -9, 7, 8 
 1290, 15:53:10, -1673, -210, 8400, -7, 6, 9 
 1291, 15:53:10, -1667, -210, 8391, -7, 6, 9 
 1293, 15:53:10, -1673, -189, 8415, -8, 7, 8 
 1294, 15:53:10, -1665, -191, 8407, -7, 6, 8 
 1295, 15:53:10, -1670, -208, 8410, -9, 6, 8 
 1296, 15:53:10, -1658, -197, 8377, -9, 7, 9 
 1297, 15:53:10, -1668, -193, 8394, -8, 6, 9 
 1298, 15:53:10, -1659, -201, 8409, -8, 5, 9 
 1299, 15:53:10, -1655, -188, 8412, -8, 6, 8 
 1301, 15:53:10, -1675, -185, 8394, -9, 6, 8 
 1302, 15:53:10, -1669, -192, 8412, -9, 7, 9 
 1303, 15:53:10, -1671, -194, 8389, -10, 7, 9 
 1306, 15:53:10, -1662, -188, 8421, -7, 6, 7 
 1307, 15:53:10, -1669, -184, 8399, -9, 6, 9 
 1310, 15:53:10, -1659, -194, 8399, -8, 5, 10 
 1316, 15:53:11, -1660, -190, 8415, -9, 8, 7 
 1318, 15:53:11, -1673, -198, 8406, -7, 6, 8 
 1320, 15:53:11, -1649, -188, 8392, -8, 7, 9 
 1322, 15:53:11, -1665, -197, 8393, -9, 7, 5 
 1323, 15:53:11, -1664, -197, 8390, -9, 8, 7 
 1324, 15:53:11, -1680, -197, 8410, -9, 7, 9 
 1327, 15:53:11, -1661, -188, 8407, -8, 8, 8 
 1328, 15:53:11, -1661, -190, 8403, -8, 8, 8 
 1329, 15:53:11, -1656, -202, 8393, -9, 7, 8 
 1330, 15:53:11, -1651, -201, 8399, -8, 8, 8 
 1332, 15:53:11, -1662, -202, 8399, -9, 8, 8 
 1333, 15:53:11, -1675, -211, 8407, -10, 9, 7 
 1335, 15:53:11, -1652, -190, 8407, -8, 7, 8 
 1336, 15:53:11, -1652, -190, 8407, -8, 7, 8 
 1338, 15:53:11, -1695, -193, 8392, -9, 9, 9 
 1339, 15:53:11, -1683, -202, 8417, -10, 8, 8 
 1341, 15:53:11, -1667, -198, 8400, -8, 8, 9 
 1343, 15:53:11, -1665, -205, 8391, -8, 7, 9 
 1344, 15:53:11, -1668, -197, 8396, -7, 7, 9 
 1348, 15:53:11, -1662, -188, 8401, -9, 9, 9 
 1352, 15:53:11, -1667, -213, 8395, -10, 9, 9 
 1353, 15:53:11, -1666, -207, 8398, -9, 10, 8 
 1355, 15:53:11, -1649, -195, 8406, -9, 10, 7 
 1356, 15:53:11, -1663, -192, 8398, -9, 12, 7 
 1360, 15:53:11, -1653, -205, 8398, -9, 12, 8 
 1365, 15:53:11, -1657, -194, 8382, -9, 15, 8 
 1370, 15:53:11, -1676, -195, 8388, -11, 14, 8 
 1371, 15:53:11, -1675, -196, 8403, -11, 13, 6 
 1373, 15:53:11, -1690, -197, 8397, -11, 12, 9 
 1378, 15:53:11, -1672, -191, 8391, -10, 9, 5 
 1380, 15:53:11, -1685, -207, 8394, -9, 10, 7 
 1383, 15:53:11, -1682, -193, 8381, -10, 8, 7 
 1385, 15:53:11, -1681, -183, 8406, -10, 6, 5 
 1388, 15:53:11, -1684, -206, 8405, -9, 3, 6 
 1389, 15:53:11, -1681, -202, 8409, -8, 5, 6 
 1392, 15:53:11, -1674, -200, 8409, -10, 6, 7 
 1394, 15:53:11, -1665, -198, 8395, -9, 7, 5 
 1395, 15:53:11, -1680, -194, 8413, -11, 7, 5 
 1403, 15:53:11, -1661, -199, 8387, -8, 12, 10 
 1410, 15:53:11, -1660, -212, 8441, 20, 6, 14 
 1411, 15:53:11, -1662, -197, 8422, 27, 3, 12 
 1412, 15:53:11, -1721, -166, 8451, 34, -4, 11 
 1413, 15:53:11, -1689, -200, 8492, 44, -14, 14 
 1414, 15:53:11, -1743, -224, 8534, 58, -22, 18 
 1416, 15:53:12, -2032, -201, 8887, 128, 6, 68 
 1417, 15:53:12, -2959, -53, 10285, 235, 166, 169 
 1418, 15:53:12, -3058, -248, 12994, 546, 435, 359 
 1419, 15:53:12, -3192, -349, 12745, 994, 40, 419 
 1426, 15:53:12, 4150, 6248, 17032, 2818, 1200, 1530 
 1427, 15:53:12, -294, 6854, 16497, 2172, -507, 620 
 1428, 15:53:12, -8317, 8111, 13522, 2200, -668, 223 
 1429, 15:53:12, -2602, 4413, 12862, 2432, 262, 537 
 1430, 15:53:12, -109, 2811, 12066, 2062, -8, 618 
 1431, 15:53:12, -2443, 3269, 10236, 1690, -463, 684 
 1436, 15:53:12, 526, -434, 3797, 975, -745, 1037 
 1437, 15:53:12, 811, -1033, 2849, 861, -739, 912 
 1438, 15:53:12, 889, -1418, 1953, 729, -730, 745 
 1439, 15:53:12, 871, -1573, 1171, 613, -710, 572 
 1440, 15:53:12, 766, -1741, 529, 538, -671, 415 
 1441, 15:53:12, 746, -2058, 22, 471, -608, 270 
 1442, 15:53:12, 689, -2420, -362, 371, -556, 125 
 1443, 15:53:12, 476, -2723, -734, 234, -509, -9 
 1444, 15:53:12, 366, -2817, -1172, 64, -458, -124 
 1445, 15:53:12, 162, -2972, -1666, -88, -421, -209 
 1446, 15:53:12, 118, -3805, -2164, -259, -365, -267 
 1447, 15:53:12, 322, -4572, -2618, -516, -313, -344 
 1448, 15:53:12, 253, -4803, -3057, -781, -290, -435 
 1450, 15:53:12, -267, -6548, -3838, -1159, -172, -556 
 1451, 15:53:12, -538, -7735, -4082, -1443, -83, -628 
 1452, 15:53:12, -900, -8621, -4277, -1780, 18, -715 
 1453, 15:53:12, -1243, -9469, -4255, -2132, 133, -791 
 1456, 15:53:12, -3131, -11261, -898, -3341, 606, -1060 
 1457, 15:53:12, -4072, -11137, 1984, -3759, 820, -1174 
 1458, 15:53:12, -5320, -11099, 5819, -4125, 1038, -1295 
 1459, 15:53:12, -6588, -10556, 10802, -4496, 1271, -1495 
 1462, 15:53:12, -8575, 9026, 25661, -2328, 1058, -2178 
 1465, 15:53:12, -3311, -3641, 3480, 421, 310, 740 
 1472, 15:53:12, -1562, -759, 8502, -5, 98, -55 
 1475, 15:53:12, -1517, -106, 8445, -31, -26, 39 
 1476, 15:53:12, -1388, -447, 8539, -54, 46, 33 
 1479, 15:53:12, -1810, -376, 8316, -50, 58, -4 
 1480, 15:53:12, -1734, -299, 8352, -34, 9, 8 
 1482, 15:53:12, -1728, -380, 8379, 4, -39, -9 
 1483, 15:53:12, -1702, -271, 8407, 26, -63, -5 
 1486, 15:53:12, -1619, -200, 8342, 24, -53, -6 
 1493, 15:53:12, -1664, -335, 8444, -56, 19, -22 
 1499, 15:53:12, -1658, -298, 8397, -23, 120, 24 
 1523, 15:53:13, -1814, -198, 8403, 73, -50, 22 
 1533, 15:53:13, -1703, -188, 8486, 90, -78, 28 
 1535, 15:53:13, -1704, -167, 8541, 146, -21, 37 
 1537, 15:53:13, -1509, 9, 8746, 260, 23, 46 
 1544, 15:53:13, -1601, 181, 8897, 685, -107, 88 
 1547, 15:53:13, -1937, 359, 8960, 773, -127, 84 
 1548, 15:53:13, -1684, 401, 8856, 801, -154, 102 
 1566, 15:53:13, -1308, 1796, 7879, 509, -168, 80 
 1567, 15:53:13, -1347, 1687, 7920, 486, -163, 83 
 1568, 15:53:13, -1266, 1772, 7911, 462, -154, 81 
 1573, 15:53:13, -1086, 1973, 8074, 385, -157, 30 
 1574, 15:53:13, -1177, 2028, 8131, 393, -135, 24 
 1575, 15:53:13, -1245, 2053, 8206, 407, -108, 24 
 1576, 15:53:13, -1540, 2100, 8284, 427, -83, 36 
 1578, 15:53:13, -1215, 2219, 8664, 490, -50, 77 
 1579, 15:53:13, -1515, 2182, 8736, 542, -51, 85 
 1580, 15:53:13, -1571, 2300, 8879, 600, -47, 117 
 1581, 15:53:13, -1494, 2359, 9000, 668, -59, 154 
 1582, 15:53:13, -1594, 2289, 9104, 744, -76, 185 
 1583, 15:53:13, -1648, 2450, 9248, 831, -97, 218 
 1584, 15:53:13, -1756, 2506, 9403, 937, -132, 260 
 1586, 15:53:13, -1891, 2644, 9589, 1176, -217, 376 
 1588, 15:53:13, -1883, 2955, 9829, 1457, -331, 508 
 1589, 15:53:13, -1589, 2728, 10503, 1626, -385, 579 
 1590, 15:53:13, -1596, 2685, 11050, 1836, -486, 620 
 1591, 15:53:13, -2278, 2979, 11299, 2076, -619, 678 
 1592, 15:53:13, -2991, 3300, 11414, 2327, -763, 788 
 1593, 15:53:13, -3063, 3429, 11572, 2590, -903, 951 
 1594, 15:53:13, -3634, 3159, 11955, 2880, -1039, 1156 
 1595, 15:53:13, -3446, 3607, 13074, 3159, -1177, 1375 
 1596, 15:53:13, -3446, 3607, 13074, 3159, -1177, 1375 
 1598, 15:53:13, -5842, 6140, 14360, 3538, -1470, 1818 
 1599, 15:53:13, -4813, 5690, 15026, 3602, -1497, 2036 
 1600, 15:53:13, -7056, 6495, 14846, 3623, -1714, 2138 
 1601, 15:53:13, -6745, 5074, 15295, 3765, -1321, 2199 
 1602, 15:53:13, -4972, 2312, 15774, 3736, -1221, 2409 
 1603, 15:53:13, -6850, 1860, 13835, 3701, -1210, 2510 
 1604, 15:53:13, -6698, 168, 12623, 3782, -625, 2708 
 1605, 15:53:13, -4841, -4516, 10947, 3813, -257, 2997 
 1606, 15:53:13, -6041, -10235, 6446, 3713, -535, 3160 
 1607, 15:53:13, -6692, -10290, 5811, 2814, -189, 2861 
 1608, 15:53:13, -982, -9391, 9649, 566, 812, 2001 
 1609, 15:53:13, 246, -6886, 9079, -1248, 326, 981 
 1610, 15:53:13, -3373, -3737, 7503, -2073, -138, 138 
 1611, 15:53:13, -4828, -2013, 5582, -2182, 185, -355 
 1612, 15:53:13, -4364, -997, 6215, -1983, 830, -603 
 1614, 15:53:13, -1417, -1765, 6753, -1697, 1026, -875 
 1615, 15:53:13, -1550, -2182, 6653, -1866, 896, -1055 
 1616, 15:53:14, -2149, -2230, 6530, -2119, 895, -1178 
 1617, 15:53:14, -2274, -2152, 6446, -2367, 1072, -1207 
 1622, 15:53:14, 394, -721, 7653, -3235, 1562, -1191 
 1623, 15:53:14, 734, -478, 7970, -3246, 1555, -1180 
 1625, 15:53:14, 561, -314, 8580, -3299, 1392, -1139 
 1626, 15:53:14, 260, -271, 8980, -3385, 1324, -1085 
 1627, 15:53:14, 44, -64, 9510, -3494, 1268, -1036 
 1628, 15:53:14, -160, 295, 9965, -3574, 1193, -1027 
 1629, 15:53:14, -544, 579, 10224, -3597, 1107, -1092 
 1630, 15:53:14, -1213, 963, 10549, -3576, 1064, -1227 
 1632, 15:53:14, -2166, 2093, 11136, -3347, 1225, -1648 
 1633, 15:53:14, -2480, 2316, 11458, -3120, 1344, -1898 
 1635, 15:53:14, -3210, 1762, 12473, -2850, 1584, -2407 
 1636, 15:53:14, -3892, 2137, 12905, -2861, 1673, -2592 
 1638, 15:53:14, -4641, 2749, 13788, -2824, 2001, -2598 
 1639, 15:53:14, -4416, 2708, 14377, -2943, 2099, -2470 
 1640, 15:53:14, -4485, 2977, 14841, -3166, 2125, -2287 
 1642, 15:53:14, -3479, 4358, 15296, -3677, 2141, -1638 
 1643, 15:53:14, -2724, 5317, 15453, -3931, 1964, -1194 
 1653, 15:53:14, -716, 21166, 9437, 1315, -424, 21 
 1654, 15:53:14, 2597, 13327, 13050, 1823, -351, 286 
 1658, 15:53:14, 61, 6572, 13123, 3720, -3118, -656 
 1663, 15:53:14, -525, -600, 10704, 3146, -627, 688 
 1707, 15:53:14, -1744, 351, 9020, 476, -241, 211 
 1708, 15:53:14, -1901, 474, 9262, 565, -176, 204 
 1713, 15:53:14, -1490, 665, 9855, 1156, -118, 169 
 1714, 15:53:14, -1618, 768, 9894, 1287, -134, 127 
 1715, 15:53:14, -1855, 892, 9893, 1425, -144, 98 
 1717, 15:53:15, -2334, 1116, 10061, 1715, -191, 115 
 1718, 15:53:15, -2559, 1189, 10292, 1864, -232, 163 
 1719, 15:53:15, -2750, 1254, 10749, 2019, -290, 236 
 1720, 15:53:15, -2619, 1489, 11331, 2207, -351, 313 
 1721, 15:53:15, -3013, 1616, 11666, 2466, -391, 393 
 1725, 15:53:15, -3830, 1378, 12774, 3402, -564, 829 
 1726, 15:53:15, -3992, 1780, 13538, 3768, -668, 1022 
 1727, 15:53:15, -5128, 1722, 14051, 4139, -837, 1252 
 1728, 15:53:15, -5756, 2872, 15007, 4481, -985, 1514 
 1729, 15:53:15, -6645, 3964, 15856, 4720, -1135, 1702 
 1730, 15:53:15, -5154, 3941, 17461, 4788, -1135, 1811 
 1731, 15:53:15, -5294, 6624, 18563, 4553, -1248, 1844 
 1732, 15:53:15, -7305, 2852, 16881, 4436, -1170, 1870 
 1735, 15:53:15, -7631, -5939, 11839, 4335, -290, 2480 
 1736, 15:53:15, -8629, -12695, 5280, 4472, -200, 3058 
 1737, 15:53:15, -6320, -13653, 5373, 3538, -5, 3585 
 1738, 15:53:15, -1108, -12346, 10377, 860, 575, 3100 
 1742, 15:53:15, -5788, -3071, 4455, -1767, -572, 1096 
 1744, 15:53:15, -1895, -3926, 5042, -1671, 324, 366 
 1745, 15:53:15, -2238, -3840, 4964, -1798, 322, -195 
 1746, 15:53:15, -3442, -3398, 4977, -1970, 425, -660 
 1747, 15:53:15, -3998, -2994, 5136, -2142, 715, -939 
 1748, 15:53:15, -3642, -2777, 5453, -2334, 1030, -1068 
 1749, 15:53:15, -3165, -2572, 5786, -2573, 1233, -1124 
 1752, 15:53:15, -2438, -1397, 7046, -3296, 1529, -1045 
 1753, 15:53:15, -2066, -1248, 7612, -3464, 1610, -975 
 1755, 15:53:15, -1973, -844, 8783, -3769, 1738, -867 
 1756, 15:53:15, -1705, -489, 9314, -3907, 1849, -797 
 1757, 15:53:15, -1297, 123, 10069, -4011, 1889, -727 
 1758, 15:53:15, -1338, 667, 10635, -4022, 1819, -667 
 1759, 15:53:15, -1626, 956, 11000, -3965, 1756, -648 
 1760, 15:53:15, -1977, 1276, 11704, -3873, 1779, -698 
 1761, 15:53:15, -2125, 1413, 12433, -3754, 1842, -822 
 1763, 15:53:15, -2603, 1216, 13905, -3571, 1931, -1289 
 1764, 15:53:15, -2993, 1003, 14836, -3658, 2023, -1644 
 1765, 15:53:15, -3546, 1019, 15917, -3861, 2129, -2025 
 1767, 15:53:15, -3942, 2519, 17453, -4275, 2514, -2381 
 1768, 15:53:15, -2777, 4318, 17735, -4437, 2589, -2294 
 1769, 15:53:15, -1748, 6304, 17820, -4486, 2446, -2057 
 1770, 15:53:15, -1639, 8177, 17551, -4427, 2139, -1679 
 1771, 15:53:15, -2548, 9955, 17183, -4344, 1802, -1162 
 1773, 15:53:15, -2282, 15176, 16028, -4014, 1480, 62 
 1775, 15:53:15, 6774, 21711, 13301, -2870, 1679, 260 
 1776, 15:53:15, 18665, 26719, 15082, -1587, 2419, -597 
 1779, 15:53:15, -2866, 24433, 9430, 1172, -385, -1449 
 1782, 15:53:15, -4293, -16172, 5639, 3061, -2653, -180 
 1783, 15:53:15, -5032, -18463, 6491, 2823, -3209, 30 
 1791, 15:53:15, -2377, 78, 10300, 1709, 23, 361 
 1793, 15:53:15, -2368, 924, 9314, 331, -3, -63 
 1794, 15:53:15, -2203, -1383, 7890, 247, -69, -83 
 1801, 15:53:15, -2012, -530, 8435, 110, -103, 24 
 1804, 15:53:15, -2055, -387, 8334, 116, -98, 35 
 1805, 15:53:15, -2003, -138, 8299, 120, -121, 45 
 1816, 15:53:16, -1869, -151, 8371, 113, -36, 107 
 1817, 15:53:16, -1871, -137, 8400, 125, -18, 103 
 1818, 15:53:16, -1870, -126, 8373, 132, -18, 105 
 1820, 15:53:16, -1901, -106, 8393, 135, -23, 98 
 1821, 15:53:16, -1974, -86, 8385, 138, -15, 109 
 1827, 15:53:16, -1846, 55, 8952, 387, 373, 288 
 1828, 15:53:16, -1813, 129, 9180, 436, 166, 247 
 1829, 15:53:16, -2059, 151, 8905, 492, -40, 212 
 1830, 15:53:16, -1847, 193, 8963, 550, -53, 213 
 1833, 15:53:16, -2051, 370, 9091, 737, -118, 188 
 1835, 15:53:16, -2100, 453, 9419, 891, -191, 208 
 1840, 15:53:16, -1420, 825, 9748, 1499, -257, 143 
 1842, 15:53:16, -1732, 1141, 9787, 1729, -249, 76 
 1844, 15:53:16, -2447, 1438, 10397, 1993, -252, 119 
 1846, 15:53:16, -3151, 1414, 11323, 2411, -311, 283 
 1847, 15:53:16, -3512, 1788, 11788, 2669, -374, 416 
 1848, 15:53:16, -3903, 1635, 12123, 2965, -433, 597 
 1850, 15:53:16, -4664, 1786, 13306, 3686, -567, 1068 
 1851, 15:53:16, -5474, 1961, 14069, 4089, -673, 1365 
 1852, 15:53:16, -5980, 2931, 15357, 4480, -787, 1668 
 1854, 15:53:16, -3528, 4144, 18835, 4853, -1049, 1976 
 1856, 15:53:16, -5677, 6733, 18874, 4589, -1437, 1952 
 1857, 15:53:16, -7611, 3429, 17163, 4545, -1256, 1904 
 1858, 15:53:16, -6320, 652, 16325, 4535, -981, 2054 
 1859, 15:53:16, -6565, -764, 15669, 4421, -737, 2178 
 1860, 15:53:16, -7941, -4780, 13198, 4406, -357, 2360 
 1861, 15:53:16, -8309, -10782, 7612, 4638, -134, 2834 
 1862, 15:53:16, -7770, -13527, 3485, 4513, -322, 3562 
 1864, 15:53:16, 1412, -12072, 8328, -121, 614, 2596 
 1865, 15:53:16, 669, -7997, 7532, -1857, -617, 1716 
 1866, 15:53:16, -3763, -4394, 6808, -2427, -1257, 1168 
 1868, 15:53:16, -5296, -2723, 3747, -2140, -263, 975 
 1869, 15:53:16, -3207, -3025, 4323, -2017, 268, 825 
 1872, 15:53:16, -3098, -3217, 4966, -2403, 311, -572 
 1873, 15:53:16, -3892, -2745, 5281, -2602, 617, -952 
 1877, 15:53:16, -2379, -701, 7173, -3369, 1513, -1503 
 1878, 15:53:16, -1983, -391, 7703, -3444, 1608, -1526 
 1879, 15:53:16, -1791, -255, 8211, -3492, 1687, -1527 
 1880, 15:53:16, -1628, -140, 8781, -3557, 1783, -1499 
 1882, 15:53:16, -378, 303, 9977, -3778, 1832, -1442 
 1883, 15:53:16, -430, 575, 10550, -3868, 1663, -1466 
 1884, 15:53:16, -1171, 885, 11045, -3891, 1513, -1511 
 1885, 15:53:16, -1881, 1004, 11409, -3847, 1483, -1564 
 1886, 15:53:16, -2294, 1225, 12042, -3776, 1520, -1634 
 1887, 15:53:16, -2585, 1447, 12739, -3672, 1530, -1725 
 1890, 15:53:16, -4824, 1166, 15426, -3786, 1792, -2108 
 1892, 15:53:16, -4407, 3458, 17020, -4234, 2388, -1967 
 1893, 15:53:16, -3085, 5307, 17550, -4451, 2427, -1713 
 1894, 15:53:16, -2643, 7583, 17351, -4629, 2165, -1367 
 1895, 15:53:16, -3568, 9900, 16967, -4686, 1896, -872 
 1898, 15:53:16, -2291, 17023, 15728, -4271, 1327, 1099 
 1899, 15:53:16, -1342, 19834, 14029, -3899, 1117, 1285 
 1900, 15:53:16, 5649, 20764, 12622, -3030, 1703, 1050 
 1901, 15:53:16, 19181, 23615, 14736, -1681, 2667, -7 
 1903, 15:53:16, 7575, 31432, 11449, 299, -308, -2935 
 1907, 15:53:16, -4630, -20420, 9316, 3099, -3332, -698 
 1909, 15:53:16, 1283, 5293, 13570, 3503, -2938, -396 
 1911, 15:53:16, 14, -1127, 12959, 3416, -803, -377 
 1913, 15:53:16, -838, -659, 10027, 2588, -655, 399 
 1915, 15:53:16, -2288, -207, 10197, 1717, -25, 435 
 1916, 15:53:17, -1991, 170, 9300, 1166, 226, 186 
 1923, 15:53:17, -1680, -280, 8604, 9, -130, 18 
 1924, 15:53:17, -1633, -303, 8676, 4, -75, 26 
 1925, 15:53:17, -1641, -397, 8591, 30, -14, 27 
 1939, 15:53:17, -1962, -351, 8357, 163, -50, 93 
 1941, 15:53:17, -1695, -47, 8321, 158, -86, 113 
 1946, 15:53:17, -1722, -23, 8481, 169, -50, 103 
 1961, 15:53:17, -1863, 541, 9615, 1011, -83, 205 
 1968, 15:53:17, -2586, 1185, 10375, 1819, -306, 99 
 1975, 15:53:17, -4547, 1705, 13574, 3736, -798, 1046 
 1976, 15:53:17, -5203, 1740, 14506, 4111, -978, 1300 
 1977, 15:53:17, -5642, 3202, 15976, 4453, -1192, 1534 
 1980, 15:53:17, -7329, 5528, 17695, 4471, -1711, 1854 
 1983, 15:53:17, -6929, -2566, 14158, 4356, -498, 2143 
 1984, 15:53:17, -7625, -7282, 10106, 4439, -120, 2439 
 1985, 15:53:17, -7625, -7282, 10106, 4439, -120, 2439 
 1987, 15:53:17, -5266, -12618, 7306, 3085, 37, 3186 
 1994, 15:53:17, -1008, -4117, 4669, -1693, 158, 742 
 1995, 15:53:17, -1898, -4062, 4604, -1940, 15, 210 
 1997, 15:53:17, -3954, -3016, 4782, -2343, 527, -587 
 1998, 15:53:17, -3326, -2600, 5119, -2491, 903, -795 
 1999, 15:53:17, -2894, -2196, 5552, -2669, 1115, -935 
 2000, 15:53:17, -2836, -1738, 5989, -2862, 1250, -1021 
 2005, 15:53:17, -1583, -424, 8827, -3493, 1902, -944 
 2006, 15:53:17, -927, -123, 9488, -3617, 1972, -899 
 2007, 15:53:17, -439, 89, 10114, -3713, 1922, -894 
 2008, 15:53:17, -577, 216, 10577, -3764, 1800, -941 
 2009, 15:53:17, -1169, 290, 11124, -3779, 1741, -1043 
 2014, 15:53:17, -3973, 793, 16143, -4023, 2089, -1726 
 2015, 15:53:17, -4342, 1510, 17339, -4203, 2292, -1672 
 2016, 15:53:18, -4201, 2624, 18322, -4431, 2539, -1488 
 2019, 15:53:18, -856, 9116, 19159, -4885, 2528, -443 
 2020, 15:53:18, -1306, 10994, 18608, -4696, 2295, 26 
 2023, 15:53:18, 4450, 17300, 13637, -3653, 2093, 1466 
 2024, 15:53:18, 15982, 23837, 14813, -2856, 3025, 1301 
 2026, 15:53:18, 13245, 32767, 11776, -1061, 136, 141 
 2027, 15:53:18, 3172, 30498, 11036, 119, -1029, 530 
 2028, 15:53:18, 17453, 20461, 20063, 2015, -2314, 907 
 2029, 15:53:18, -1184, -748, 7577, 3232, -5135, 609 
 2030, 15:53:18, -6018, -13317, 10158, 2941, -4882, 483 
 2031, 15:53:18, -1956, -3924, 11568, 2653, -3753, 88 
 2032, 15:53:18, -669, 2927, 14006, 3473, -2959, -71 
 2033, 15:53:18, -1107, -754, 14040, 4504, -1667, -321 
 2034, 15:53:18, -699, 76, 13283, 4158, -1447, -414 
 2035, 15:53:18, -365, 198, 13921, 3128, -1222, -234 
 2036, 15:53:18, -844, 521, 11353, 1845, -321, -110 
 2040, 15:53:18, -1540, 170, 8526, 245, -125, -90 
 2041, 15:53:18, -1834, 78, 8588, 148, -41, -58 
 2042, 15:53:18, -2091, -277, 8285, 149, -107, -36 
 2043, 15:53:18, -1388, -33, 8538, 153, -183, -9 
 2044, 15:53:18, -1713, -327, 8583, 132, -123, -7 
 2045, 15:53:18, -1472, -229, 8569, 138, -89, -31 
 2046, 15:53:18, -1548, -253, 8569, 148, -57, -50 
 2047, 15:53:18, -1750, -339, 8510, 157, -21, -72 
 2048, 15:53:18, -1730, 42, 8487, 157, -37, -90 
 2049, 15:53:18, -1932, 18, 8340, 146, -66, -70 
 2050, 15:53:18, -1932, 18, 8340, 146, -66, -70 
 2051, 15:53:18, -1791, -92, 8349, 128, -85, -41 
 2052, 15:53:18, -1583, -342, 8496, 119, -81, -20 
 2053, 15:53:18, -1547, -251, 8489, 116, -67, -23 
 2055, 15:53:18, -1611, -282, 8390, 110, -32, -52 
 2056, 15:53:18, -1622, 59, 8431, 98, -21, -43 
 2057, 15:53:18, -1773, 24, 8350, 92, -15, -25 
 2058, 15:53:18, -1679, -179, 8395, 85, -26, -2 
 2059, 15:53:18, -1457, -158, 8452, 82, -29, -1 
 2061, 15:53:18, -1539, -4, 8409, 84, -23, -19 
 2062, 15:53:18, -1426, -112, 8504, 96, -3, -25 
 2063, 15:53:18, -1838, 6, 8489, 117, 29, -16 
 2064, 15:53:18, -1243, -170, 8472, 145, 53, -2 
 2065, 15:53:18, -1455, 33, 8475, 161, 57, -32 
 2066, 15:53:18, -1306, -40, 8501, 171, 59, -64 
 2067, 15:53:18, -1455, -31, 8462, 187, 69, -91 
 2070, 15:53:18, -2088, 144, 8366, 220, 222, 18 
 2071, 15:53:18, -2076, 148, 8474, 225, 225, 67 
 2072, 15:53:18, -2048, 120, 8703, 239, 195, 116 
 2073, 15:53:18, -1771, 142, 8679, 270, 150, 152 
 2074, 15:53:18, -1682, 136, 8736, 311, 167, 164 
 2075, 15:53:18, -1854, 182, 8740, 358, 191, 169 
 2076, 15:53:18, -2098, 244, 8676, 402, 211, 193 
 2077, 15:53:18, -2080, 271, 8617, 438, 235, 240 
 2079, 15:53:18, -2061, 356, 8412, 480, 290, 320 
 2080, 15:53:18, -2098, 415, 8441, 492, 312, 353 
 2081, 15:53:18, -2128, 465, 8364, 504, 319, 387 
 2082, 15:53:18, -2216, 534, 8350, 512, 332, 426 
 2084, 15:53:18, -1976, 577, 8291, 508, 403, 492 
 2085, 15:53:18, -1997, 640, 8213, 494, 450, 500 
 2086, 15:53:18, -2205, 622, 8127, 468, 492, 504 
 2087, 15:53:18, -2458, 655, 8212, 435, 541, 527 
 2088, 15:53:18, -3697, 327, 7842, 388, 596, 588 
 2089, 15:53:18, -5252, -217, 7191, 275, 650, 764 
 2090, 15:53:18, -6170, -417, 6801, 79, 714, 1111 
 2091, 15:53:18, -6384, -480, 6540, -155, 722, 1544 
 2092, 15:53:18, -6128, -634, 6468, -405, 688, 1958 
 2093, 15:53:18, -6746, -1520, 6421, -687, 700, 2379 
 2094, 15:53:18, -6606, -1542, 6439, -974, 723, 2863 
 2095, 15:53:18, -6379, -1524, 6563, -1212, 621, 3310 
 2096, 15:53:18, -6060, -1971, 6853, -1412, 492, 3734 
 2097, 15:53:18, -5732, -2306, 7132, -1597, 384, 4140 
 2098, 15:53:18, -5385, -2656, 7305, -1780, 332, 4517 
 2105, 15:53:18, 233, -1505, 9946, -2409, 345, 5856 
 2106, 15:53:18, 623, -100, 10980, -2360, 391, 5806 
 2107, 15:53:18, 3688, -840, 11788, -2517, 234, 5633 
 2108, 15:53:18, 2052, 995, 11521, -2798, -168, 5123 
 2110, 15:53:18, 4056, 1516, 10529, -2109, 583, 4446 
 2114, 15:53:18, 8233, -372, 10301, -1324, 507, 3060 
 2115, 15:53:18, 8233, -372, 10301, -1324, 507, 3060 
 2125, 15:53:19, 496, -1634, 9235, -1343, -1222, 3935 
 2127, 15:53:19, 562, -1871, 9332, -1352, -1162, 4055 
 2142, 15:53:19, -2748, 1454, 7354, -1175, -731, 3508 
 2144, 15:53:19, -3329, 1713, 7264, -1055, -749, 3500 
 2145, 15:53:19, -3514, 2032, 7176, -1031, -672, 3432 
 2147, 15:53:19, -2833, 3125, 7328, -831, -501, 3118 
 2148, 15:53:19, -2272, 3758, 7450, -641, -467, 2894 
 2149, 15:53:19, -2021, 4442, 7539, -456, -481, 2676 
 2150, 15:53:19, -1855, 5098, 7649, -286, -503, 2507 
 2151, 15:53:19, -1264, 5652, 7703, -115, -512, 2393 
 2152, 15:53:19, -874, 5862, 7753, 57, -602, 2312 
 2214, 15:53:19, -2262, 456, 9476, 1079, 283, 336 
 2223, 15:53:20, -3259, 1415, 11038, 2415, 7, 422 
 2224, 15:53:20, -3336, 1735, 11890, 2660, -49, 521 
 2225, 15:53:20, -3900, 1299, 12212, 2965, -101, 640 
 2230, 15:53:20, -4968, 2657, 16351, 4884, -353, 1625 
 2231, 15:53:20, -6391, 4246, 17716, 5171, -638, 1668 
 2237, 15:53:20, -8981, -6969, 11758, 4584, 630, 2844 
 2238, 15:53:20, -7811, -13824, 5875, 4506, 804, 3562 
 2239, 15:53:20, -4063, -14568, 5359, 3170, 631, 4246 
 2240, 15:53:20, -1096, -13457, 8898, 230, 518, 3684 
 2243, 15:53:20, -5374, -3543, 5545, -2988, -1195, 2323 
 2245, 15:53:20, -5361, -3056, 3738, -2712, -622, 2386 
 2246, 15:53:20, -3293, -3207, 4020, -2543, -39, 2322 
 2247, 15:53:20, -870, -3625, 4664, -2485, 125, 1985 
 2248, 15:53:20, -584, -3804, 4651, -2534, -87, 1387 
 2249, 15:53:20, -2372, -3638, 4592, -2647, -180, 711 
 2250, 15:53:20, -4022, -3401, 4613, -2754, 154, 123 
 2253, 15:53:20, -2512, -2469, 6301, -3110, 1577, -1127 
 2254, 15:53:20, -2342, -2030, 6848, -3263, 1704, -1421 
 2255, 15:53:20, -2400, -1716, 7354, -3397, 1812, -1623 
 2256, 15:53:20, -2291, -1463, 7977, -3516, 1953, -1746 
 2258, 15:53:20, -1557, -1063, 9323, -3717, 2224, -1772 
 2262, 15:53:20, -1547, 1249, 12005, -3995, 1832, -1589 
 2264, 15:53:20, -1707, 1865, 13808, -3603, 1945, -1539 
 2265, 15:53:20, -1287, 1636, 14761, -3507, 1922, -1643 
 2268, 15:53:20, -4991, 3676, 17093, -3841, 1741, -2112 
 2270, 15:53:20, -4464, 4685, 17596, -4287, 2099, -1695 
 2271, 15:53:20, -3288, 6256, 17488, -4680, 2034, -1411 
 2273, 15:53:20, -3481, 10505, 16372, -4771, 1758, -526 
 2275, 15:53:20, -1756, 14780, 15484, -4360, 1615, 448 
 2278, 15:53:20, 14863, 26066, 14725, -2353, 2024, 49 
 2279, 15:53:20, 17176, 32377, 13901, -1322, 1210, -941 
 2280, 15:53:20, 8574, 32767, 11608, -246, -161, -1547 
 2285, 15:53:20, -4028, -11018, 8532, 2782, -3669, -229 
 2287, 15:53:20, -1922, -722, 15055, 4455, -1833, -387 
 2327, 15:53:21, -2175, 197, 8534, 372, 412, 220 
 2328, 15:53:21, -1808, 203, 8922, 427, 358, 265 
 2329, 15:53:21, -1807, 255, 9108, 473, 114, 231 
 2330, 15:53:21, -2068, 272, 8939, 533, -50, 210 
 2331, 15:53:21, -1982, 353, 9007, 600, -54, 224 
 2332, 15:53:21, -1886, 398, 9050, 671, -51, 228 
 2334, 15:53:21, -1988, 522, 9293, 849, -31, 226 
 2335, 15:53:21, -1979, 602, 9501, 964, -11, 239 
 2336, 15:53:21, -1976, 676, 9699, 1090, -10, 250 
 2337, 15:53:21, -2004, 708, 9860, 1215, -44, 250 
 2339, 15:53:21, -1379, 825, 10109, 1474, -113, 205 
 2340, 15:53:21, -1548, 1112, 10121, 1625, -143, 138 
 2341, 15:53:21, -2173, 1227, 9898, 1780, -159, 107 
 2342, 15:53:21, -2277, 1177, 10060, 1923, -170, 142 
 2343, 15:53:21, -2489, 1289, 10660, 2073, -210, 187 
 2344, 15:53:21, -2974, 1543, 11190, 2254, -279, 248 
 2345, 15:53:21, -3418, 1741, 11572, 2497, -333, 358 
 2346, 15:53:21, -3624, 1567, 12264, 2800, -372, 515 
 2347, 15:53:21, -4380, 1781, 13043, 3149, -446, 685 
 2348, 15:53:21, -5300, 1640, 13544, 3539, -540, 933 
 2349, 15:53:21, -5610, 1834, 14443, 3988, -637, 1256 
 2350, 15:53:21, -6432, 1947, 15248, 4459, -795, 1594 
 2352, 15:53:21, -7718, 4110, 17160, 5144, -1141, 2085 
 2353, 15:53:21, -5202, 4452, 19610, 5127, -1113, 2223 
 2355, 15:53:21, -9038, 1756, 17955, 4797, -1101, 2272 
 2356, 15:53:21, -7592, -775, 17114, 4724, -635, 2481 
 2357, 15:53:21, -8222, -3927, 15662, 4643, -280, 2698 
 2359, 15:53:21, -9681, -15352, 3144, 4786, -5, 4072 
 2360, 15:53:21, -5922, -13553, 8528, 3053, 625, 4373 
 2361, 15:53:21, 1678, -13190, 10039, 193, 983, 3568 
 2363, 15:53:21, -3228, -4477, 7858, -2530, -1341, 1745 
 2364, 15:53:21, -6208, -2937, 4917, -2290, -1112, 1455 
 2365, 15:53:21, -5971, -2737, 3689, -1908, -300, 1341 
 2366, 15:53:21, -3476, -3197, 4165, -1641, 418, 1112 
 2367, 15:53:21, -1278, -3919, 4383, -1567, 611, 646 
 2368, 15:53:21, -1339, -4338, 4320, -1707, 492, -15 
 2369, 15:53:21, -2726, -4313, 4396, -1969, 504, -682 
 2370, 15:53:21, -3575, -3981, 4667, -2244, 759, -1210 
 2371, 15:53:21, -3671, -3595, 4990, -2498, 1078, -1570 
 2372, 15:53:21, -3446, -3217, 5382, -2757, 1355, -1801 
 2373, 15:53:21, -3128, -2707, 5987, -3011, 1581, -1950 
 2374, 15:53:21, -2705, -2263, 6541, -3225, 1742, -2029 
 2375, 15:53:21, -2705, -2263, 6541, -3225, 1742, -2029 
 2376, 15:53:21, -2429, -1982, 7152, -3407, 1857, -2050 
 2377, 15:53:21, -2189, -1776, 7840, -3578, 1960, -2024 
 2378, 15:53:21, -1704, -1565, 8590, -3750, 2030, -1960 
 2379, 15:53:21, -1276, -1403, 9390, -3930, 2024, -1888 
 2380, 15:53:21, -1001, -1326, 10074, -4132, 1957, -1835 
 2381, 15:53:21, -915, -1150, 10912, -4331, 1850, -1821 
 2383, 15:53:21, -2050, -156, 12659, -4491, 1654, -1858 
 2384, 15:53:21, -2800, 495, 13527, -4448, 1682, -1869 
 2386, 15:53:21, -3432, 1604, 16070, -4221, 1830, -1915 
 2387, 15:53:21, -3861, 1639, 17563, -4195, 1848, -2015 
 2391, 15:53:21, -5400, 6967, 20203, -5231, 2224, -1673 
 2392, 15:53:21, -4543, 10059, 19471, -5291, 2229, -1193 
 2393, 15:53:21, -3408, 12759, 18704, -5120, 2181, -601 
 2394, 15:53:21, -2372, 14695, 18281, -4796, 2013, 16 
 2395, 15:53:21, -677, 17933, 16905, -4480, 1634, 460 
 2398, 15:53:21, 21115, 32360, 14971, -1459, 1813, -1390 
 2400, 15:53:21, -2363, 30561, 9703, 573, -721, -1978 
 2402, 15:53:21, 5826, 12968, 17741, 2831, -917, -214 
 2456, 15:53:22, -2065, 727, 9749, 1036, -136, 234 
 2457, 15:53:22, -1767, 712, 9967, 1169, -151, 226 
 2463, 15:53:22, -3018, 1412, 10768, 2073, -295, 189 
 2465, 15:53:22, -3307, 1676, 11904, 2550, -406, 401 
 2466, 15:53:22, -3654, 1568, 12217, 2875, -456, 543 
 2468, 15:53:22, -4977, 1557, 13094, 3585, -595, 968 
 2469, 15:53:22, -5119, 1878, 14034, 3988, -708, 1254 
 2471, 15:53:22, -5844, 3249, 16176, 4776, -1101, 1726 
 2472, 15:53:22, -6800, 3707, 17087, 5034, -1252, 1855 
 2473, 15:53:22, -5316, 5685, 19448, 5031, -1287, 1942 
 2474, 15:53:22, -6498, 5965, 19215, 4756, -1363, 1937 
 2475, 15:53:22, -8852, 1033, 17302, 4718, -1284, 2043 
 2476, 15:53:22, -7330, -484, 16648, 4704, -865, 2279 
 2477, 15:53:22, -7810, -3488, 15235, 4659, -516, 2469 
 2478, 15:53:22, -8912, -8708, 10784, 4795, -296, 2834 
 2479, 15:53:22, -8750, -14032, 4291, 4960, -499, 3677 
 2480, 15:53:22, -6397, -12922, 8001, 3252, -94, 3844 
 2481, 15:53:22, 88, -13013, 8456, 301, 264, 3031 
 2482, 15:53:22, 608, -8939, 7998, -1889, -681, 1960 
 2483, 15:53:22, -3386, -4466, 8016, -2607, -1387, 1289 
 2485, 15:53:22, -6485, -2377, 3443, -2105, -618, 1104 
 2486, 15:53:22, -4492, -2788, 3667, -1929, 78, 1039 
 2490, 15:53:22, -4246, -3084, 4546, -2533, 474, -802 
 2492, 15:53:22, -3606, -2069, 5394, -2948, 1223, -1318 
 2493, 15:53:22, -3027, -1682, 5991, -3159, 1424, -1482 
 2498, 15:53:22, -1626, -208, 8956, -3781, 2040, -1710 
 2501, 15:53:22, -1446, 274, 10900, -4196, 1727, -1820 
 2502, 15:53:22, -2448, 671, 11516, -4202, 1659, -1876 
 2503, 15:53:22, -3035, 956, 12030, -4139, 1718, -1917 
 2504, 15:53:22, -3035, 956, 12030, -4139, 1718, -1917 
 2507, 15:53:22, -4235, 1756, 15396, -3820, 1936, -2133 
 2511, 15:53:22, -3865, 5730, 18805, -4821, 2544, -1616 
 2515, 15:53:22, -1828, 14626, 17488, -4568, 1919, 956 
 2516, 15:53:23, 264, 18467, 16467, -4353, 1515, 1320 
 2517, 15:53:23, 3454, 21675, 14367, -3788, 1276, 1205 
 2528, 15:53:23, -440, 22, 11916, 2986, -900, 389 
 2529, 15:53:23, -1981, -545, 9454, 2624, -757, 722 
 2530, 15:53:23, -3069, -88, 10699, 2253, -550, 577 
 2534, 15:53:23, -1967, -1003, 7969, 271, -261, -50 
 2535, 15:53:23, -1997, -30, 8493, 284, -273, 18 
 2536, 15:53:23, -2178, -186, 8578, 195, -246, 5 
 2537, 15:53:23, -1716, -194, 8586, 147, -244, 20 
 2538, 15:53:23, -1557, -181, 8641, 117, -154, 41 
 2539, 15:53:23, -1856, -395, 8511, 118, -72, 33 
 2547, 15:53:23, -1701, -247, 8374, 128, -119, 90 
 2549, 15:53:23, -1763, -218, 8449, 124, -72, 70 
 2550, 15:53:23, -1814, -100, 8448, 135, -40, 66 
 2551, 15:53:23, -1816, -143, 8407, 153, -21, 76 
 2552, 15:53:23, -1928, -83, 8320, 161, -26, 88 
 2553, 15:53:23, -1898, -69, 8300, 153, -58, 104 
 2561, 15:53:23, -1731, 4, 8501, 159, -34, 112 
 2562, 15:53:23, -1959, 18, 8495, 187, 11, 116 
 2568, 15:53:23, -1786, 216, 8970, 446, -31, 134 
 2570, 15:53:23, -1792, 280, 9095, 513, -25, 129 
 2572, 15:53:23, -1929, 363, 9157, 667, -44, 136 
 2585, 15:53:23, -3328, 1503, 11987, 2536, -470, 378 
 2586, 15:53:23, -3684, 1428, 12355, 2827, -529, 538 
 2587, 15:53:23, -4247, 1584, 12611, 3155, -588, 744 
 2588, 15:53:23, -4798, 1671, 13231, 3525, -616, 1016 
 2590, 15:53:23, -5506, 2135, 15356, 4367, -841, 1625 
 2591, 15:53:23, -6032, 2632, 16345, 4757, -1034, 1895 
 2592, 15:53:23, -5493, 3968, 18553, 5051, -1120, 2103 
 2595, 15:53:23, -6239, 1415, 17483, 4814, -901, 2183 
 2596, 15:53:23, -6045, -725, 16699, 4721, -682, 2288 
 2597, 15:53:23, -7939, -3792, 13789, 4651, -340, 2434 
 2599, 15:53:23, -7981, -13214, 2879, 4883, -66, 3623 
 2601, 15:53:23, 1023, -12823, 7891, 627, 1177, 2874 
 2602, 15:53:23, 2505, -9168, 7051, -1529, -4, 1813 
 2603, 15:53:23, -2053, -4690, 7194, -2410, -1037, 1034 
 2604, 15:53:23, -5603, -2790, 4507, -2341, -1039, 750 
 2605, 15:53:23, -6351, -2172, 3100, -2043, -297, 720 
 2606, 15:53:23, -4299, -2555, 3317, -1813, 510, 672 
 2608, 15:53:23, -918, -3887, 4152, -1887, 758, -28 
 2610, 15:53:23, -3305, -3396, 4715, -2364, 883, -922 
 2611, 15:53:23, -3491, -2908, 5131, -2591, 1246, -1125 
 2612, 15:53:23, -2821, -2492, 5723, -2820, 1580, -1215 
 2613, 15:53:23, -1977, -2070, 6402, -3026, 1792, -1260 
 2615, 15:53:23, -1022, -1557, 7560, -3309, 1976, -1282 
 2617, 15:53:24, -726, -1376, 8917, -3542, 2055, -1228 
 2618, 15:53:24, -470, -1164, 9582, -3681, 2090, -1185 
 2619, 15:53:24, -37, -912, 10251, -3833, 2058, -1158 
 2620, 15:53:24, 199, -731, 10821, -3992, 1917, -1187 
 2621, 15:53:24, -212, -610, 11425, -4142, 1734, -1288 
 2622, 15:53:24, -1176, -548, 12269, -4248, 1636, -1440 
 2623, 15:53:24, -2098, -542, 13288, -4309, 1691, -1614 
 2625, 15:53:24, -3640, 42, 15610, -4426, 2042, -1895 
 2627, 15:53:24, -4467, 3214, 17835, -4702, 2483, -1931 
 2628, 15:53:24, -3498, 4825, 18852, -4826, 2715, -1902 
 2629, 15:53:24, -1436, 6964, 19836, -4895, 2880, -1927 
 2631, 15:53:24, -2389, 13332, 20099, -4933, 1427, -1928 
 2636, 15:53:24, -967, 26975, 12012, -2479, 2201, -1521 
 2637, 15:53:24, 13254, 27324, 12892, -926, 3132, -2313 
 2638, 15:53:24, 23122, 31700, 15965, 871, 3691, -4116 
 2639, 15:53:24, 12824, 31688, 11473, 2069, 1635, -5624 
 2641, 15:53:24, -10208, 13109, 13312, 3858, 534, -3428 
 2643, 15:53:24, -4501, -19312, 8402, 3540, -1925, -1550 
 2644, 15:53:24, 1225, 1014, 10330, 3243, -2374, -1006 
 2645, 15:53:24, 1767, 3666, 14062, 3736, -2409, -221 
 2646, 15:53:24, -1372, -4013, 13245, 3852, -1401, 129 
 2647, 15:53:24, -568, 207, 12964, 3344, -1022, 256 
 2648, 15:53:24, -671, -32, 11241, 2844, -1085, 685 
 2652, 15:53:24, -2313, 1553, 9182, 179, -5, -56 
 2653, 15:53:24, -1447, -2467, 8023, 254, -113, -112 
 2654, 15:53:24, -1663, -2, 8180, 308, -128, 84 
 2655, 15:53:24, -2266, 349, 8393, 189, -48, 80 
 2656, 15:53:24, -2220, -419, 8163, 154, -149, 36 
 2658, 15:53:24, -1840, -155, 8544, 107, -248, 77 
 2659, 15:53:24, -1785, -343, 8538, 101, -228, 72 
 2660, 15:53:24, -1696, -262, 8496, 110, -213, 69 
 2661, 15:53:24, -1612, -214, 8545, 109, -178, 57 
 2662, 15:53:24, -1629, -241, 8494, 97, -114, 54 
 2666, 15:53:24, -1755, -106, 8367, 91, -158, 70 
 2668, 15:53:24, -1611, -138, 8407, 92, -192, 88 
 2670, 15:53:24, -1537, -122, 8433, 84, -176, 90 
 2672, 15:53:24, -1501, -57, 8386, 74, -137, 81 
 2673, 15:53:24, -1523, -65, 8412, 66, -126, 85 
 2679, 15:53:24, -1625, -166, 8433, 56, -86, 82 
 2680, 15:53:24, -1481, -76, 8474, 62, -84, 88 
 2683, 15:53:24, -1577, -77, 8468, 87, -69, 99 
 2685, 15:53:24, -1445, -6, 8526, 102, -27, 101 
 2686, 15:53:24, -1425, -40, 8619, 131, 9, 90 
 2687, 15:53:24, -1457, -61, 8642, 188, 70, 70 
 2688, 15:53:24, -1551, -15, 8723, 232, 134, 64 
 2690, 15:53:24, -1583, 161, 9223, 325, 345, 83 
 2691, 15:53:24, -895, 84, 9863, 442, 150, 52 
 2693, 15:53:24, -991, 112, 9640, 704, -186, -76 
 2694, 15:53:24, -686, 108, 9804, 829, -200, -138 
 2695, 15:53:24, -981, 227, 9984, 954, -178, -218 
 2697, 15:53:24, -1528, 246, 10415, 1265, -98, -309 
 2698, 15:53:24, -1943, 431, 10912, 1456, -99, -280 
 2699, 15:53:24, -1943, 431, 10912, 1456, -99, -280 
 2700, 15:53:24, -2226, 672, 11769, 1691, -126, -219 
 2701, 15:53:24, -2766, 545, 13151, 1984, -157, -127 
 2702, 15:53:24, -3572, 330, 14385, 2341, -196, 18 
 2703, 15:53:24, -2804, 312, 15800, 2825, -218, 215 
 2704, 15:53:24, -2962, 188, 16937, 3419, -386, 377 
 2705, 15:53:24, -3155, -371, 16726, 4004, -688, 498 
 2707, 15:53:24, 85, -432, 17581, 4848, -1246, 619 
 2708, 15:53:24, 3166, -882, 18141, 4925, -1498, 401 
 2714, 15:53:24, -3950, -10560, 4964, 4080, -2696, -2035 
 2715, 15:53:24, -1972, -10390, 7527, 2813, -1983, -3289 
 2718, 15:53:25, -5552, -2968, 5167, 1132, -2810, -4346 
 2719, 15:53:25, -4424, -3218, 4894, 1169, -2297, -3855 
 2720, 15:53:25, -2339, -3908, 4978, 933, -2129, -3428 
 2721, 15:53:25, -1887, -3871, 5082, 443, -2397, -3140 
 2725, 15:53:25, -3540, -1506, 5042, -1285, -3030, -1966 
 2726, 15:53:25, -3449, -1311, 5107, -1541, -3023, -1940 
 2727, 15:53:25, -3879, -1014, 5184, -1772, -3031, -2052 
 2729, 15:53:25, -5317, -125, 5141, -2003, -2805, -2443 
 2730, 15:53:25, -5767, 244, 5184, -2011, -2581, -2654 
 2731, 15:53:25, -5703, 440, 5328, -2010, -2361, -2889 
 2733, 15:53:25, -6120, 735, 5667, -2035, -2291, -3523 
 2734, 15:53:25, -6830, 754, 5778, -2002, -2236, -3857 
 2735, 15:53:25, -6775, 721, 5973, -1941, -2126, -4202 
 2736, 15:53:25, -6858, 562, 6203, -1850, -2070, -4656 
 2737, 15:53:25, -7179, 258, 6334, -1748, -2012, -5247 
 2738, 15:53:25, -7689, 123, 6450, -1625, -1927, -5934 
 2741, 15:53:25, -9316, 396, 6833, -962, -1667, -7895 
 2742, 15:53:25, -10607, 681, 6760, -657, -1588, -8379 
 2743, 15:53:25, -11436, 1023, 6881, -323, -1442, -8697 
 2744, 15:53:25, -11936, 1871, 6649, -9, -1358, -8838 
 2745, 15:53:25, -12917, 3710, 7007, 348, -1269, -8730 
 2746, 15:53:25, -11780, 6986, 8092, 693, -1166, -8277 
 2747, 15:53:25, -5654, 8733, 11034, 306, -2054, -7504 
 2749, 15:53:25, -21192, 29798, 7263, -460, -1943, -5521 
 2751, 15:53:25, -17199, 8047, 2880, 154, -749, -3757 
 2752, 15:53:25, -12014, -9969, 4164, -63, -584, -2695 
 2753, 15:53:25, -19085, -6037, 5650, -675, -158, -1574 
 2754, 15:53:25, -6479, 4767, 7634, -1272, 960, -175 
 2755, 15:53:25, -4858, 1205, 8265, -1322, 250, 154 
 2756, 15:53:25, -2446, -411, 8606, -1348, 305, 451 
 2758, 15:53:25, -2155, 139, 8903, -1412, 258, 516 
 2760, 15:53:25, -538, 1115, 9428, -1357, 362, 257 
 2762, 15:53:25, -1685, 460, 9577, -1191, 453, -122 
 2764, 15:53:25, -3567, 872, 12637, -1124, 196, -250 
 2765, 15:53:25, -2822, 52, 9680, -802, -485, -257 
 2766, 15:53:25, -2141, 167, 9050, -561, -386, -192 
 2771, 15:53:25, -2522, 123, 8274, 1, 65, -90 
 2790, 15:53:25, -1919, 44, 8581, -113, -173, -25 
 2791, 15:53:25, -1885, 42, 8522, -84, -79, -36 
 2799, 15:53:25, -2040, 48, 8356, 3, -13, -16 
 2804, 15:53:25, -2122, -6, 8300, 6, -11, -23 
 2805, 15:53:25, -2100, 13, 8286, 1, -9, -7 
 2807, 15:53:25, -2085, 4, 8258, -9, -55, -10 
 2837, 15:53:26, 754, -596, 9015, 680, -1558, -113 
 2839, 15:53:26, -8673, -399, 6652, 337, -1822, -1179 
 2840, 15:53:26, -6608, -2334, 6479, 220, -415, -1755 
 2842, 15:53:26, -3629, -1556, 5965, -365, -180, -2910 
 2843, 15:53:26, -4945, -1437, 5478, -389, 17, -3225 
 2844, 15:53:26, -3529, -1951, 5482, -409, 404, -3389 
 2846, 15:53:26, -3837, -2330, 5369, -597, 626, -3643 
 2847, 15:53:26, -3887, -2139, 5359, -713, 797, -3650 
 2850, 15:53:26, -3332, -1265, 6227, -976, 1065, -3073 
 2851, 15:53:26, -3343, -926, 6332, -1103, 988, -2819 
 2852, 15:53:26, -3695, -670, 6585, -1174, 988, -2601 
 2853, 15:53:26, -3936, -184, 6912, -1188, 1060, -2412 
 2854, 15:53:26, -3948, 404, 7293, -1158, 1158, -2285 
 2953, 15:53:27, -1686, -247, 8398, -8, 12, 9 
 2960, 15:53:27, -1693, -233, 8407, -7, 6, 8 
 2965, 15:53:27, -1676, -233, 8418, -7, 6, 10 
 2984, 15:53:27, -1696, -235, 8390, -8, 7, 9 
 2986, 15:53:27, -1683, -238, 8385, -8, 7, 9 
 2991, 15:53:27, -1673, -227, 8396, -9, 8, 10 
 2998, 15:53:27, -1683, -244, 8396, -9, 8, 10 
 3004, 15:53:27, -1674, -226, 8410, -9, 8, 10 
 3005, 15:53:27, -1686, -248, 8417, -9, 7, 7 
 3014, 15:53:27, -1673, -252, 8394, -11, 10, 8 
 3065, 15:53:28, -1676, -258, 8409, -9, 9, 7 
 3070, 15:53:28, -1693, -253, 8404, -8, 9, 8 
 3072, 15:53:28, -1672, -252, 8391, -9, 10, 9 
 3100, 15:53:28, -1682, -240, 8404, -8, 7, 9 
 3107, 15:53:28, -1679, -254, 8389, -5, 6, 9 
 3111, 15:53:28, -1680, -250, 8406, -2, 7, 12 
 